Oakpark 5 Smoked Back Bacon Rashers 150g,Oakhurst Bacon Lardons Smoked 200g,0.8295320662764991
Nature's Good Apples 500g,Nature's Pick Chantenay Carrots 500g,0.944490280998441
Just Like Butter Spread 450g,Just Organic Broccoli 350g,0.9224557808326155
The Welsh Pantry 4 Sausage Rolls,The Tasty Catch Co. Harissa 2 Infused Scottish Salmon F,0.7878807441854552
Pink Lady Apples 4 Pack,Pink Lady Pinkids Apples 6 Pack,0.9762858320129398
Freshways Semi-Skimmed Milk 2 Litres,Freshcure Smoked Turkey Rashers 6 Pack,0.7032508279456391
Freshways Whole Milk 3 Litres,Freshcure Smoked Turkey Rashers 6 Pack,0.7908739593415135
Freshways Semi-Skimmed Milk 3 Litres,Freshcure Smoked Turkey Rashers 6 Pack,0.721257095858937
Freshways Whole Milk 2 Litres,Freshcure Smoked Turkey Rashers 6 Pack,0.7663632316645265
The Welsh Pantry Ham & Cheese Slice,The Fishmonger Sweet Mustard & Dill Dressing Flavoured,0.85564907208012
The Lincolnshire Beetroot Co. Just Beetroot 250g,The Tasty Catch Co. Tempura Haddock Goujons 200g,0.9416024097971171
The Welsh Pantry Chicken Tikka Slice,The Fishmonger Boneless Scottish Salmon Fillets 240g/2,0.8376053369919442
The Welsh Pantry Minced Beef & Onion Slice,The Fishmonger Sweet Mustard & Dill Dressing Flavoured,0.8973933418238219
Freshways Semi-Skimmed Milk 1 Litre,Freshcure Smoked Turkey Rashers 6 Pack,0.6609648999577674
Freshways Skimmed Milk 2L,Freshcure Unsmoked Back Bacon Twin Pack 2x250g,0.46592339532132016
Freshways Whole Milk 1 Litre,Freshcure Smoked Turkey Rashers 6 Pack,0.7116063420752199
Freshways Semi-Skimmed Milk 1 Pint / 568ml,Freshcure Smoked Turkey Rashers 6 Pack,0.5893281839449638
Oakpark 5 Unsmoked Back Bacon Rashers 150g,Oakhurst Bacon Lardons Unsmoked 200g,0.8062154855715836
Freshways Skimmed Milk 1 Litre,Freshcure Smoked Turkey Rashers 6 Pack,0.7058918352495549
Freshways Whole Milk 1 Pint/568ml,Freshcure Smoked Turkey Rashers 6 Pack,0.6975564278741403
Oakpark 6 Naturally Smoked Turkey Breast Rashers 150g,Oakhurst Smoked Gammon Steaks 250g,0.8200403393402376
Oakpark Naturally Smoked Lean Bacon Lardons 130g,Oakhurst Smoked Gammon Steaks 450g,0.9448946465181903
Oakpark 6 Unsmoked Turkey Breast Rashers 150g,Oakhurst Unsmoked Gammon Steaks 250g,0.8018954784603417
Oakpark Lean & Tasty Turkey Pudding 6 Slices 180g,Oakhurst Small Smoked Gammon Joint 750g,0.7625323606745995
Oakpark Naturally Smoked Turkey Lardons 150g,Oakhurst Smoked Gammon Steaks 250g,0.9300663482685887
The Bury Black Pudding Company 4 Traditional Black Pudding Slices 230g,The Fishmonger Skinless 2 Scottish Salmon Fillets 220g,0.8735247021898964
The Laughing Cow Light Cheese Spread 16 Triangles 267g,The Fishmonger Breaded 4 Fish Fillets 600g,0.8482658877338272
Nature's Finest Jelly Blackcurrant and Strawberry Flavour 4 x 100g (400g),Nature's Pick Large Flat Mushrooms 250g,0.778515593066542
The Laughing Cow 16 Original Cheese Spread Triangles 267g,The Fishmonger Breaded 4 Fish Fillets 600g,0.8512974416649147
Lawsons 10 Scottish Recipe Skinless Sausages 264g,Lawsons 10 Scottish Recipe Skinless Sausages 264g,1.0
Shazans Peri Peri Chicken,Shazans Chicken Breast Fillets 950g,0.40444090550073886
Hall's Wee Willie Winkie's 20 Mini Skinless Sausages 205g,Hall's Wee Willie Winkie's 20 Mini Skinless Sausages 20,0.7978993175117923
The Butcher's Market Tasty Cumberland Sausages 10 Pack 550g,The Fishmonger Breaded 4 Fish Fillets 600g,0.851458047190082
The Butcher's Market Tasty Pork Sausages 10 Pack 550g,The Fishmonger Breaded 4 Fish Fillets 600g,0.8488828040758033
Shazans Chicken Mini Fillets 500g,Shazans Chicken Mini Fillets 500g,1.0
Shazans Chicken Thigh Fillets 600g,Shazans Chicken Thigh Fillets 600g,1.0
Shazans Peri Peri Chicken Thighs,Shazans Chicken Breast Fillets 950g,0.44838493987278166
Shazans Chicken Breast Fillets 950g,Shazans Chicken Breast Fillets 950g,1.0
Warburtons 6 Soft & Sliced White Rolls,Warburtons Soft & Sliced White Rolls 6 Pack,0.9860099631942176
Warburtons 9 Crumpets,Warburtons Crumpets 6 Pack,0.8496151164548463
Warburtons Toastie Soft Thick White 800g,Warburtons Toastie Soft Thick White 800g,1.0
Brompton House Choc Chip Muffins 10 x 25g (250g),Brownings Cheese Scones 4 Pack,0.62158646472105
Warburtons Medium Soft White 800g,Warburtons Medium Soft White 800g,1.0
Brompton House Chocolate Brownies 6 x 25g (150g),Brownings Cheese Scones 4 Pack,0.6281357113840861
Brompton House Choc Chip Muffins 6 x 25g (150g),Brownings Cheese Scones 4 Pack,0.635562634565182
Warburtons Half and Half Medium 800g,Warburtons Medium Sliced Wholemeal 400g,0.8821061537609822
Warburtons Medium Sliced Wholemeal 400g,Warburtons Medium Sliced Wholemeal 400g,1.0
Warburtons 6 Pancakes,Warburtons Crumpets 6 Pack,0.9111396288859985
Warburtons 4 Delicious Breakfast Muffins,Warburtons Crumpets 6 Pack,0.8416676234896957
Warburtons 6 Thin Bagels Original Soft & Sliced,Warburtons Soft & Sliced White Rolls 6 Pack,0.9377736989097634
Warburtons Toastie Thick Sliced Soft White Bread 400g,Warburtons Toastie Thick Sliced Soft White Bread 400g,1.0
Mothers Pride Scottish Plain Medium Cut 800g,Mothers Pride Scottish Plain Medium Cut 800g,1.0
Warburtons 4 Large Sliced Rolls,Warburtons Crumpets 6 Pack,0.845639500372151
Tan y Castell Welshcakes,Tan Y Castell Welshcakes 6 Pack,0.48675819327242353
Really Good! Floury Baps 320g,Real Lancashire Eccles Cakes 4 Pack,0.20215388712191656
Tan y Castell All Butter Welsh Shortbread 160g,Tan Y Castell Welshcakes 6 Pack,0.4469891732312801
Lees' 12 Jam Teacakes 220g,Lees 12 Mini Snowballs 135g,0.8410640888797913
Tan y Castell 6 Lemon Splits,Tan Y Castell Welshcakes 6 Pack,0.8283828526933834
Tan y Castell Low Fat Bara Brith,Tan Y Castell Welshcakes 6 Pack,0.504993237620636
Warburtons Danish Lighter White Bread 400g,Warburtons Toastie Thick Sliced Soft White Bread 400g,0.9153171390809651
Lees' 12 Snowballs 171g,Lees 12 Mini Snowballs 135g,0.8484485060791732
Warburtons 6 Sliced Hotdog Rolls,Warburtons Crumpets 6 Pack,0.8806847427704816
Warburtons Medium Sliced Soft White Bread 400g,Warburtons Toastie Thick Sliced Soft White Bread 400g,0.9818040256410486
Warburtons Original Seeded Batch 800g,Warburtons Medium Sliced Wholemeal 400g,0.9221898637392862
Warburtons Farmhouse Soft Bread 800g,Warburtons Toastie Soft Thick White 800g,0.9418414500134887
Warburtons 5 Original Bagels,Warburtons Crumpets 6 Pack,0.8491190535981944
Warburtons 4 Wholemeal Soft Pittas,Warburtons Crumpets 6 Pack,0.8846136384565984
Warburtons 4 White Soft Pittas,Warburtons Crumpets 6 Pack,0.8442182874166266
Warburtons The True Taste of Wholemeal 800g,Warburtons The True Taste Of Wholemeal 800g,0.8660437222467363
Warburtons Family Bakers 6 Thins Soft Brown Sliced,Warburtons Soft & Sliced White Rolls 6 Pack,0.8278009738671565
Warburtons Half & Half Thick 800g,Warburtons Toastie Soft Thick White 800g,0.8009024475578769
Warburtons Fruit Loaf with Cinnamon & Raisin 400g,Warburtons Toastie Thick Sliced Soft White Bread 400g,0.8284306077656938
Warburtons 6 Thins Soft White Sliced,Warburtons Crumpets 6 Pack,0.8523756880805896
Warburtons Original Seeded Batch 400g,Warburtons Medium Sliced Wholemeal 400g,0.9505824887250982
Warburtons Soft Round White Bread Milk Roll 400g,Warburtons Toastie Thick Sliced Soft White Bread 400g,0.9496850037634047
Warburtons 6 Sliced Wholemeal Rolls,Warburtons Crumpets 6 Pack,0.8755189844231336
Warburtons Soft Tiger Bloomer 600g,Warburtons Medium Soft White 800g,0.9204801059506423
Warburtons 6 Potato Cakes,Warburtons Crumpets 6 Pack,0.8843198220067765
Brompton House Double Choc Muffins 10 x 25g (250g),Brownings Cheese Scones 4 Pack,0.6275718427130047
Brompton House Chocolate Brownies 10 x 25g (250g),Brownings Cheese Scones 4 Pack,0.6137575575989533
Richmond 14 Thick Pork Sausages 602g,Richmond 20 Thick Pork Sausages 860g,0.9286699139110417
Birds Eye 2 Crispy Chicken in Tempura Batter 170g,Birds Eye 2 Crispy Chicken In Tempura Batter 170g,0.9209996860835228
Birds Eye The Original Alphabites 456g,Birds Eye 10 The Original Potato Waffles 567g,0.8503551989114035
Chicago Town Fully Loaded Deep Dish Pepperoni Pizzas 2 x 155g (310g),Chicago Town Fully Loaded Deep Dish 2 Four Cheese Pizza,0.5648293910895791
Chicago Town Fully Loaded Deep Dish 2 Four Cheese Pizzas 2 x 148g (296g),Chicago Town Fully Loaded Deep Dish 2 Four Cheese Pizza,0.6670310944807247
Birds Eye 10 The Original Potato Waffles 567g,Birds Eye 10 The Original Potato Waffles 567g,1.0
Bernard Matthews 6 Cheesy Hamwich 345g,Bernard Matthews 7 Turkey Dinosaurs 350g,0.9337475282198575
Birds Eye 8 Crispy Batter Fish Fingers 224g,Birds Eye 10 Cod Fish Fingers 280g,0.9129933403782788
Birds Eye 22 Chicken Dippers 403g,Birds Eye 10 Cod Fish Fingers 280g,0.8547538717332213
Bernard Matthews 7 Turkey Dinosaurs 350g,Bernard Matthews 7 Turkey Dinosaurs 350g,1.0
Goodfella's Stonebaked Thin Pepperoni 332g,Goodfella's Stonebaked Thin Pepperoni 332g,1.0
Birds Eye 8 Chicken BBQ Griddlers 204g,Birds Eye 10 Cod Fish Fingers 280g,0.8842132547680768
Birds Eye 8 Chicken Burgers 400g,Birds Eye 10 Cod Fish Fingers 280g,0.9169330375523327
Chicago Town Fully Loaded Deep Dish Mega Meaty Pizzas 2 x 157g (314g),Chicago Town Fully Loaded Deep Dish 2 Four Cheese Pizza,0.5764244633590591
Birds Eye 12 Chicken Dippers 220g,Birds Eye 10 Cod Fish Fingers 280g,0.9149629614370274
Birds Eye 4 Chicken Quarter Pounders 454g,Birds Eye 10 The Original Potato Waffles 567g,0.8964144269959049
Bernard Matthews 7 Golden Turkey Drummers 350g,Bernard Matthews 7 Turkey Dinosaurs 350g,0.9672349163145976
Goodfella's Triple Cheese Pizza Pockets 2 Pack 250g,Goodfella's Stonebaked Thin Pepperoni 332g,0.6582149884661724
Birds Eye 4 Minted Lamb Grill Steaks 300g,Birds Eye 10 Cod Fish Fingers 280g,0.8964626320483191
Birds Eye 10 Chicken Fingers 250g,Birds Eye 10 Cod Fish Fingers 280g,0.9414630448732256
Chicago Town Tiger Crust Double Pepperoni Pizza 320g,Chicago Town Fully Loaded Deep Dish 2 Four Cheese Pizza,0.621378030333767
Goodfella's Stonebaked Thin Margherita 345g,Goodfella's Stonebaked Thin Margherita 345g,1.0
Bernard Matthews 13 Turkey Mini Kievs 295g,Bernard Matthews 7 Turkey Dinosaurs 350g,0.9230898100254321
Birds Eye 4 Steamfresh Family Favourite Mix 540g,Birds Eye 10 The Original Potato Waffles 567g,0.8628332712227994
Birds Eye 2 Chicken Shop Ultimate Fillet Burgers 227g,Birds Eye 10 The Original Potato Waffles 567g,0.8718994355667747
Birds Eye 38 Chicken Dippers 697g,Birds Eye Garden Peas 800g,0.8766450350752608
Chicago Town Takeaway Stuffed Crust Cheese Large Pizza 630g,Chicago Town Fully Loaded Deep Dish 2 Four Cheese Pizza,0.6409051587590354
Chicago Town Takeaway Stuffed Crust Pepperoni Large Pizza 645g,Chicago Town Fully Loaded Deep Dish 2 Four Cheese Pizza,0.6324236830533748
Richmond 20 Thin Pork Sausages 555g,Richmond 20 Thick Pork Sausages 860g,0.9833013033250261
Chicago Town Takeaway Cheesy Stuffed Crust Pepperoni Large Pizza 640g,Chicago Town Fully Loaded Deep Dish 2 Four Cheese Pizza,0.6453442939003511
Slimming World Salt and Pepper Chicken Chow Mein 550g,Slimwell Ready Meals Sweet Potato Curry 550g,0.8093279591168931
Mr Brain's 6 Pork Faggots 656g,Mr Brain's 6 Pork Faggots 656g,1.0
Birds Eye 4 Crispy Pancakes Ham & Mozzarella 250g,Birds Eye 10 The Original Potato Waffles 567g,0.8088165998408404
Birds Eye 30 Omega 3 Fish Fingers 840g,Birds Eye 10 Cod Fish Fingers 280g,0.910331530992998
Slimming World 6 Sausage Patties 342g,Slimwell Meatball Pasta 350g,0.7979781968762717
Slimming World Chicken Tikka Masala 500g,Slimwell Chicken Tikka Masala 500g,0.9399228381146094
Birds Eye 6 Chunky Crispy Batter Fish Fingers 360g,Birds Eye 10 Cod Fish Fingers 280g,0.8910146450234052
Slimming World Korean-Style Beef Noodles 550g,Slimwell Beef Burrito Lunch Pot 350g,0.8023127279667422
Slimming World Pizza Chicken 430g,Slimwell Meatball Pasta 350g,0.8920543585269335
Richmond 20 Skinless Pork Sausages 530g,Richmond 20 Thick Pork Sausages 860g,0.9886448529612369
Quorn Crispy Nuggets 300g,Quorn Mince 500g,0.9526710716921198
Goodfella's Pepperoni & Cheese Pizza Pockets 2 Pack 250g,Goodfella's Deep Pan Baked Pepperoni & Cheese Pizza 411,0.6668739060545925
Slimming World Sweet and Sour Chicken 500g,Slimwell Chicken Tikka Masala 500g,0.8499817596202258
Birds Eye Mini Potato Waffles 918g,Birds Eye Garden Peas 800g,0.9152083370470995
Slimming World Yakitori Chicken and Rice 400g,Slimwell Meatball Pasta 350g,0.8422380023955438
Goodfella's Stonebaked Thin Barbeque Chicken 385g,Goodfella's Stonebaked Thin Pepperoni 332g,0.9693095310923847
Slimming World Braised Steak and Root Veg Mash 550g,Slimwell Ready Meals Sweet Potato Curry 550g,0.8322123341323013
Chicago Town Tiger Crust Cheese Medley Pizza 305g,Chicago Town Fully Loaded Deep Dish 2 Four Cheese Pizza,0.6004680144389637
Slimming World Meatballs & Pasta with Spicy Tomato Sauce 550g,Slimwell Ready Meals Sweet Potato Curry 550g,0.8169208271819898
Birds Eye Steamfresh Creamy Cheese Vegetable Penne Pasta 350g,Birds Eye Garden Peas 800g,0.87229968237474
Birds Eye 4 Beef Grill Steaks 340g,Birds Eye 10 Cod Fish Fingers 280g,0.8799908717087424
Slimming World Cajun King Prawn Pasta 400g,Slimwell Chicken Satay Lunch Pot 350g,0.8406518370314385
Birds Eye 2 Original Chicken Chargrills 170g,Birds Eye 10 The Original Potato Waffles 567g,0.9037442066070481
Chicago Town Takeaway Stuffed Crust BBQ Pepperoni Salami Large Pizza 635g,Chicago Town Fully Loaded Deep Dish 2 Four Cheese Pizza,0.6599794372448078
Chiquito® Beef Burrito Wrap 400g,Chicago Town Fully Loaded Deep Dish 2 Four Cheese Pizza,0.49287247345427326
Slimming World Chips 1kg,Slimwell Meatball Pasta 350g,0.6381868596906359
Slimming World Chicken Tikka Rogan Josh 500g,Slimwell Chicken Tikka Masala 500g,0.884803273479974
Chiquito® Piri Piri Skin On Fries 825g,Chicago Town Fully Loaded Deep Dish 2 Four Cheese Pizza,0.4430571339660443
Bernard Matthews 8 Unicorns 336g,Bernard Matthews 7 Turkey Dinosaurs 350g,0.9407464422547792
Quorn Mince 300g,Quorn Mince 500g,0.9837265611113755
Birds Eye 4 Crispy Pancakes Minced Beef & Onion 250g,Birds Eye 10 The Original Potato Waffles 567g,0.8366549633104918
Slimming World Pasta Bolognese 400g,Slimwell Meatball Pasta 350g,0.9035604025532082
Birds Eye 4 Original Beef Quarter Pounders with Onion 454g,Birds Eye 10 The Original Potato Waffles 567g,0.8877498849457085
Slimming World Beef Tagliatelle 550g,Slimwell Meatball Pasta 350g,0.9036764135676179
Bernard Matthews 22 Turkey Dippers in a Crispy Batter 403g,Bernard Matthews Jurassic World 9 Turkey Dinosaurs 450g,0.6891412739720131
Chiquito® 12 (Approx.) Chilli Cheese Nuggets 222g,Chicago Town Fully Loaded Deep Dish 2 Four Cheese Pizza,0.562610608127381
Chiquito® Beef Burrito Bowl 460g,Chicago Town Fully Loaded Deep Dish 2 Four Cheese Pizza,0.4866238218124223
Chiquito® Chicken Quesadilla 280g,Chicago Town Fully Loaded Deep Dish 2 Four Cheese Pizza,0.44611284415499286
Birds Eye 10 Cod Fish Fingers 280g,Birds Eye 10 Cod Fish Fingers 280g,1.0
Slimming World Chicken Fajita Rice 400g,Slimwell Chicken Tikka Masala 500g,0.8969052096845431
Birds Eye 2 Southern Fried Chicken in Breadcrumbs 180g,Birds Eye 2 Southern Fried Chicken In Breadcrumbs 180g,0.9234173389905537
Slimming World Chicken Tikka and Rice 400g,Slimwell Chicken Tikka Masala 500g,0.8586729783162217
Chiquito® 12 (Approx.) Tempura Battered Halloumi Cubes 216g,Chicago Town Fully Loaded Deep Dish 2 Four Cheese Pizza,0.5529055169840127
Birds Eye 10 Original Beef Burgers with Onion 567g,Birds Eye 10 The Original Potato Waffles 567g,0.9196315769908343
Birds Eye 2 Chicken Shop Sizzler Fillet Burgers 227g,Birds Eye 10 The Original Potato Waffles 567g,0.8638391515722611
Chicago Town Meat Supreme Pizza Subs 2 x 125g (250g),Chicago Town Fully Loaded Deep Dish 2 Four Cheese Pizza,0.5334097633305503
Chicago Town Tiger Crust Garlic Bread Cheesy 258g,Chicago Town Fully Loaded Deep Dish 2 Four Cheese Pizza,0.5785805759120156
Slimming World Chicken Carbonara 550g,Slimwell Meatball Pasta 350g,0.9088175293886726
Chicken Fillet Strips with TABASCO® Brand Pepper Sauce flavour 500g,Chicago Town Fully Loaded Deep Dish 2 Four Cheese Pizza,0.5305947867831143
Slimming World Chilli Con Carne and Rice 550g,Slimwell Meatball Pasta 350g,0.7877826823811483
Birds Eye Green Cuisine 10 Veggie Fingers 284g,Birds Eye 10 Cod Fish Fingers 280g,0.929541929925626
Hall's Flamin' Good Food Full Rack of Ribs Barbecue 400g,Hall's Wee Willie Winkie's 50 Mini Pork Skinless Sausag,0.51056005136697
Goodfella's Supreme Mac & Cheese 350g,Goodfella's Stonebaked Thin Pepperoni 332g,0.7019974599131418
Quorn Uniquorns Crunchy Unicorns 240g,Quorn Pieces 500g,0.9263551060620587
The Real McCoy's® Flame Grilled Steak 700g,The Juice Company Super Green Smoothie Mix 400g,0.7907574613368555
Quorn Pieces 300g,Quorn Pieces 500g,0.9848813357692882
Birds Eye 4 Sweet & Sticky BBQ Chicken Chargrills 348g,Birds Eye 10 The Original Potato Waffles 567g,0.782474326812499
Slimming World Chicken & Chorizo-Style Sausage Paella 550g,Slimwell Ready Meals Sweet Potato Curry 550g,0.7826350764842738
Slimming World Teriyaki noodles 400g,Slimwell Chicken Tikka Masala 500g,0.8924583564059967
Birds Eye 30 Cod Fish Fingers 840g,Birds Eye 10 Cod Fish Fingers 280g,0.9620813722108792
Slimming World King Prawn Bhuna 500g,Slimwell Chicken Tikka Masala 500g,0.8297609542561762
Chiquito® Spicy Chicken Echiladas 550g,Chicago Town Fully Loaded Deep Dish 2 Four Cheese Pizza,0.4581785285027785
Richmond 2 Meat-Free No Beef Burgers 150g,Richmond 20 Thick Pork Sausages 860g,0.7896486419484734
Birds Eye Steamfresh Super Sunshine Mix 540g,Birds Eye Garden Peas 800g,0.8699965878837853
Bernard Matthews 4 Turkey Quarter Pounders 454g,Bernard Matthews 7 Turkey Dinosaurs 350g,0.9310955984793072
Richmond 8 Skinless Pork Sausages 213g,Richmond 20 Thick Pork Sausages 860g,0.9039801575463455
Chiquito® Piri Piri Chicken Wings 600 g,Chicago Town Fully Loaded Deep Dish 2 Four Cheese Pizza,0.49901084946073604
Chiquito® Fiery Chicken Burrito Bowl 460g,Chicago Town Fully Loaded Deep Dish 2 Four Cheese Pizza,0.5017414408538532
Chicago Town Crispy Chicago Thin Sausage 'N' Pepperoni 431g,Chicago Town Fully Loaded Deep Dish 2 Four Cheese Pizza,0.447937866431036
Birds Eye 4 Shortcrust Chicken Pies 620g,Birds Eye 10 The Original Potato Waffles 567g,0.8935642774128224
Chicago Town Cheese & Tomato Pizza Subs 2 x 125g (250g),Chicago Town Fully Loaded Deep Dish 2 Four Cheese Pizza,0.5669754048115552
Goodfella's Spinach & Ricotta Cannelloni 400g,Goodfella's Stonebaked Thin Pepperoni 332g,0.7149043095568179
Birds Eye 8 Omega 3 Fish Fingers 200g,Birds Eye 10 Cod Fish Fingers 280g,0.8919917863096275
Mr Kipling Ice Cream Classics French Fancy 475ml,Mr Brain's 6 Pork Faggots 656g,0.555967139196103
Birds Eye Chicken Shop Buttermilk Chicken Strips 350g,Birds Eye Garden Peas 800g,0.8835991740698688
Slimming World Cottage Pie 500g,Slimwell Chicken Tikka Masala 500g,0.8651895237076568
Slimming World Thai-Style Noodles 550g,Slimwell Meatball Pasta 350g,0.7942520142192386
Birds Eye 4 Crispy Chicken in Tempura Batter 340g,Birds Eye 2 Crispy Chicken In Tempura Batter 170g,0.917993077758303
The Butcher's Market Crackling Pork Loin Joint 1.05Kg,The Fishmonger Tempura Battered Fish Fillet Burgers 227,0.7527396243134977
Chicago Town 2 Deep Dish Peppered Cheesesteak Black Pepper Crust 2 x 160g (320g),Chicago Town Fully Loaded Deep Dish 2 Four Cheese Pizza,0.6422677482242851
Slimming World Chicken in Black Bean Sauce 500g,Slimwell Chicken Tikka Masala 500g,0.781868606951952
Goodfella's Creamy Carbonara 400g,Goodfella's Stonebaked Thin Pepperoni 332g,0.8896237870785167
Birds Eye Country Mixed Vegetables 640g,Birds Eye Garden Peas 800g,0.9250239728822496
Goodfella's Meat Feast Pasta Bake 400g,Goodfella's Deep Pan Baked Deliciously Cheesy 421g,0.8195428696728077
Birds Eye Steamfresh Hearty Farmhouse Mix 540g,Birds Eye Garden Peas 800g,0.8997697502652434
Chiquito® Churros 320g,Chicago Town Fully Loaded Deep Dish 2 Four Cheese Pizza,0.37675951655769574
Bernard Matthews 24 Turkey Nuggets in Crunchy Breadcrumbs 379g,Bernard Matthews 7 Turkey Dinosaurs 350g,0.7913406421362
Mr Brain's 2 Pork Faggots 222g,Mr Brain's 6 Pork Faggots 656g,0.9630437892145912
Slimming World 6 Italian-Style Sausages 360g,Slimwell Meatball Pasta 350g,0.7274517677131422
Quorn Takeaway 2 Crunchy Fillet Burgers 190g,Quorn 12 Sausages 504g,0.8545466902840332
Goodfella's Stonebaked Thin Cheesy Garlic Bread 237g,Goodfella's Stonebaked Thin Pepperoni 332g,0.9268737119430425
Goodfella's Fully Loaded Mac & Cheese 350g,Goodfella's Deep Pan Baked Pepperoni & Cheese Pizza 411,0.6869140556365937
Slimming World Sweet and Sour Chicken Noodles 400g,Slimwell Ready Meals Sweet Potato Curry 550g,0.8635627267622824
Goodfella's Mushroom & Garlic Risotto 400g,Goodfella's Stonebaked Thin Pepperoni 332g,0.7216719514173718
Mr Kipling Cherry Bakewell 475ml,Mr Brain's 6 Pork Faggots 656g,0.6229873636935516
Slimming World Colcannon 500g,Slimwell Chicken Tikka Masala 500g,0.8674809059261193
Slimming World Coronation Chicken Escalopes 280g,Slimwell Meatball Pasta 350g,0.8662409908656659
Bernard Matthews Cooked Turkey Strips Roast 400g,Bernard Matthews 7 Turkey Dinosaurs 350g,0.796597341696019
Birds Eye Garden Peas 800g,Birds Eye Garden Peas 800g,1.0
Birds Eye 4 Southern Fried Chicken in Breadcrumbs 360g,Birds Eye 2 Southern Fried Chicken In Breadcrumbs 180g,0.906791857337479
Richmond 6 Sausage Patties 342g,Richmond 20 Thick Pork Sausages 860g,0.8708227630034319
Slimming World Sausage Jambalaya 550g,Slimwell Meatball Pasta 350g,0.9011746869359882
Goodfella's Deep Pan Baked Pepperoni & Cheese Pizza 411g,Goodfella's Deep Pan Baked Pepperoni & Cheese Pizza 411,0.8967477971746242
Slimming World Creamy Tomato Sauce 350g,Slimwell Meatball Pasta 350g,0.8956661106462273
Goodfella's Stonebaked Thin Sloppy Joe Pizza 372g,Goodfella's Stonebaked Thin Pepperoni 332g,0.8927513403824887
Birds Eye Chicken Shop Salt & Pepper Chicken Goujons 325g,Birds Eye Garden Peas 800g,0.7902457418982648
Goodfella's Stonebaked Thin Inspired Italian Hot 353g,Goodfella's Stonebaked Thin Margherita 345g,0.8814418214907207
Chicago Town Deep Dish Picante Nduja Chilli Pepper Crust 2 x 153g (306g),Chicago Town Fully Loaded Deep Dish 2 Four Cheese Pizza,0.5457861516807423
Birds Eye Hash Brown Waffles 650g,Birds Eye Garden Peas 800g,0.9222183468540326
Richmond 32 Cocktail Pork Sausages 448g,Richmond 20 Thick Pork Sausages 860g,0.87730851919858
Slimming World Chorizo-Style Meatball Pasta 400g,Slimwell Meatball Pasta 350g,0.8458589180825494
Slimming World Sweet Chilli Salmon 300g,Slimwell Ready Meals Sweet Potato Curry 550g,0.8813792014852609
Slimming World Pilau Rice 450g,Slimwell Meatball Pasta 350g,0.8934972119159056
Chiquito® The Ultimate Jalapeño Cheese Dip 300g,Chicago Town Fully Loaded Deep Dish 2 Four Cheese Pizza,0.5492381369440618
Slimming World Penne Arrabbiata 550g,Slimwell Meatball Pasta 350g,0.8885262348209285
Slimming World Chicken Tikka Lasagne 550g,Slimwell Meatball Pasta 350g,0.905841350453093
Slimming World Lamb Biryani 550g,Slimwell Meatball Pasta 350g,0.886760386455994
Birds Eye 2 Hot & Spicy Chicken in Breadcrumbs 180g,Birds Eye 2 Crispy Chicken In Tempura Batter 170g,0.8430902539521881
Hall's Wee Willie Winkie's 50 Mini Pork Skinless Sausages 500g,Hall's Wee Willie Winkie's 50 Mini Pork Skinless Sausag,0.8404546323857444
Slimming World Pearl Barley and Root Veg Soup 500g,Slimwell Ready Meals Sweet Potato Curry 550g,0.8191037345366229
Chiquito's® Fajita Chicken Strips With Mango and Lime Dip 420g,Chicago Town Fully Loaded Deep Dish 2 Four Cheese Pizza,0.4854267130983173
Frankie and Benny's Classic BBQ Rib Rack 575g,Frasers Macaroni Cheese 325g,0.7204574377370843
Slimming World Onion Gravy 350g,Slimwell Meatball Pasta 350g,0.9001712332994342
Slimming World Curried Squash and Sweet Potato Soup 500g,Slimwell Ready Meals Sweet Potato Curry 550g,0.854796211365859
Birds Eye Garden Peas 1.2kg,Birds Eye Garden Peas 800g,0.8147358292463595
Birds Eye Chicken Shop Hot & Fiery Breast Chunks 350g,Birds Eye Garden Peas 800g,0.7894362238768509
Birds Eye 26 Crispy Batter Fish Fingers 728g,Birds Eye 10 Cod Fish Fingers 280g,0.858793056735619
Slimming World Teriyaki Salmon 300g,Slimwell Meatball Pasta 350g,0.8912196519293213
Slimming World 16 Beef and Pork Meatballs 320g,Slimwell Meatball Pasta 350g,0.7918432014197898
Slimming World Moroccan-Style Chicken Soup 500g,Slimwell Chicken Tikka Masala 500g,0.8297929492948813
Bernard Matthews 10 Turkey Fingers 250g,Bernard Matthews 7 Turkey Dinosaurs 350g,0.9244776030637057
Birds Eye 6 Chunky Fish Fingers 360g,Birds Eye 10 Cod Fish Fingers 280g,0.8997680854389775
Birds Eye Chicken Shop Texas Style BBQ Popcorn Chicken 325g,Birds Eye Garden Peas 800g,0.8061508867512496
Slimming World Spanish-Style Chicken Soup 500g,Slimwell Chicken Tikka Masala 500g,0.8168895308785706
Slimming World Minestrone soup 500g,Slimwell Chicken Tikka Masala 500g,0.880474267817248
Goodfella's Deep Pan Baked Deliciously Cheesy 421g,Goodfella's Deep Pan Baked Deliciously Cheesy 421g,1.0
Slimming World Quorn™ Biryani 400g,Slimwell Chicken Tikka Masala 500g,0.765145699007725
Goodfella's Fiery Vegetable Arrabbiata 400g,Goodfella's Stonebaked Thin Margherita 345g,0.873275258455303
Chiquito® 14 (Approx.) Filled Mini Churros 300g,Chicago Town Fully Loaded Deep Dish 2 Four Cheese Pizza,0.5330016295953147
Chiquito® Fiery Shredded Chicken 350g,Chicago Town Fully Loaded Deep Dish 2 Four Cheese Pizza,0.47674708507024927
Chiquito® Vegan Burrito Bowl 450g,Chicago Town Fully Loaded Deep Dish 2 Four Cheese Pizza,0.4836700443422294
Slimming World Hunter's Chicken 430g,Slimwell Meatball Pasta 350g,0.7220985337185967
Birds Eye Steamfresh Vibrant Vegetable Mix 300g,Birds Eye Garden Peas 800g,0.9096985987135477
Birds Eye Chicken Shop Battered Chicken Nuggets 400g,Birds Eye Garden Peas 800g,0.89672085654313
Richmond Meat Free No-Chicken Chargrilled Pieces 220g,Richmond 20 Thick Pork Sausages 860g,0.7014017888629038
Mr Kipling Ice Cream Classics Chocolate Slice 475ml,Mr Brain's 6 Pork Faggots 656g,0.5882684032587173
Slimming World Rogan Josh Sauce 350g,Slimwell Meatball Pasta 350g,0.8728039701219449
Chicago Town Fully Loaded Deep Dish Pepperoni Pizzas 8 x 155g (1240g),Chicago Town Fully Loaded Deep Dish 2 Four Cheese Pizza,0.537906958332859
Chiquito® Pulled Pork Burrito Bowl 460g,Chicago Town Fully Loaded Deep Dish 2 Four Cheese Pizza,0.5021358580354488
Birds Eye 2 Garlic & Herb Chicken Kievs 204g,Birds Eye 10 The Original Potato Waffles 567g,0.785227177695066
Chicago Town Deep Dish Four Cheese Mini Pizzas 8 x 148g (1184g),Chicago Town Fully Loaded Deep Dish 2 Four Cheese Pizza,0.5766171815731325
Frankie and Benny's Ultimate BBQ Rib Rack 904g,Frasers Lorne Sausage 720g,0.7092028916578126
Slimming World 12 pork sausages 720g,Slimwell Meatball Pasta 350g,0.7867294115663681
"Slimming World Soy, Garlic and Ginger Veg 350g",Slimwell Meatball Pasta 350g,0.7815038646766433
Slimming World World Garlic and Herb Chicken Escalopes 280g,Slimwell Ready Meals Sweet Potato Curry 550g,0.7586836096383709
Chicago Town Weekender Stuffed Crust Salt & Pepper Chicken 692g,Chicago Town Fully Loaded Deep Dish 2 Four Cheese Pizza,0.6354817322630306
The Lions Kingdom 2 Ostrich Steak Burgers 240g,The Fishmonger Boneless Smoked Haddock Fillets 400g,0.8152531262274938
Slimming World World Rogan Squash 500g,Slimwell Chicken Tikka Masala 500g,0.7404868305907156
Birds Eye Select Mixed Vegetables 640g,Birds Eye Garden Peas 800g,0.9077363025082371
Chicago Town Weekender Stuffed Crust Philly Cheesesteak 644g,Chicago Town Fully Loaded Deep Dish 2 Four Cheese Pizza,0.5691906891647736
Goodfella's Deep Pan Baked Spicy Chicken Sizzler 438g,Goodfella's Deep Pan Baked Deliciously Cheesy 421g,0.9674343127744187
The No Meat Company No Moo Melt Potato & Cheddar-Flavour 2 x 140g (280g),The Fishmonger Soy & Chilli Calamari 225g,0.8265028112560401
Quorn Sausages 336g,Quorn Pieces 500g,0.8963803894904248
Chicago Town Crispy Chicago Thin Loaded Cheese 439g,Chicago Town Fully Loaded Deep Dish 2 Four Cheese Pizza,0.5832460927101153
Bernard Matthews Turkey Nuggets in a Crispy Batter 241g,Bernard Matthews Jurassic World 9 Turkey Dinosaurs 450g,0.5979151415749189
Birds Eye 44 Chicken Nuggets with Golden Wholegrain 695g,Birds Eye Garden Peas 800g,0.821782873455659
Chiquito® 10 (Approx.) Nacho Cheese Bites 220g,Chicago Town Fully Loaded Deep Dish 2 Four Cheese Pizza,0.5635417678857786
Slimming World Barbecue Pulled Pork 500g,Slimwell BBQ Chicken 500g,0.90034353884882
Chiquito® BBQ Rib Rack 575g,Chicago Town Fully Loaded Deep Dish 2 Four Cheese Pizza,0.4998240904286937
Chiquito® Nacho Fajita Chicken 456g,Chicago Town Fully Loaded Deep Dish 2 Four Cheese Pizza,0.42627139296800365
Chiquito® Creamed Corn and Jalapeños 300g,Chicago Town Fully Loaded Deep Dish 2 Four Cheese Pizza,0.47568180423960804
Slimming World Aloo Gobi 430g,Slimwell Meatball Pasta 350g,0.8726566432687279
Mr Kipling Ice Cream Classics Viennese Whirl 475ml,Mr Brain's 6 Pork Faggots 656g,0.5590238773755458
Birds Eye 2 Cheese & Ham Chicken Kievs 204g,Birds Eye 10 The Original Potato Waffles 567g,0.7845050950454001
Slimming World Tikka Masala Sauce 350g,Slimwell Chicken Tikka Masala 500g,0.9092704527427814
Slimming World Pea & Ham Soup 500g,Slimwell Ready Meals Sweet Potato Curry 550g,0.7762211239956078
Slimming World Cauliflower and Chickpea Dhal 550g,Slimwell Meatball Pasta 350g,0.8459451204193884
The Fish Market Cod Fillets 320g,The Fishmonger Beer Battered Fish Burgers 227g,0.9039069573712083
Slimming World Roast Potatoes 1kg,Slimwell Chicken Satay Lunch Pot 350g,0.6659722824458205
Birds Eye 10 Haddock Fish Fingers 280g,Birds Eye 10 Cod Fish Fingers 280g,0.9747494313015818
Slimming World 6 Pork Sausages 360g,Slimwell Meatball Pasta 350g,0.7836570159019232
Birds Eye Garden Peas 375g,Birds Eye Garden Peas 800g,0.9642745244006444
Slimming World Sweet and Sour Sauce 350g,Slimwell Ready Meals Sweet Potato Curry 550g,0.8629620408084189
Slimming World Chip Shop Curry Sauce 350g,Slimwell Ready Meals Sweet Potato Curry 550g,0.8817985341654659
Goodfella's Stonebaked Thin Crust Ham & Pineapple Pizza 365g,Goodfella's Deep Pan Baked Pepperoni & Cheese Pizza 411,0.7525646331029305
Birds Eye Supersweet Sweetcorn 640g,Birds Eye Garden Peas 800g,0.9352000298935861
Carte D'or Ice Cream Dessert Madagascan Vanilla 900 ml,Carlos Thin Crust Stonebaked Margherita Pizza 330g,0.6690908092719303
Hall's Steak Express Sub Steaks 300g,Hall's Wee Willie Winkie's 50 Mini Pork Skinless Sausag,0.5413105452096236
Carte D'or Strawberry Ice Cream Tub 1000 ml,Carlos Takeaway Three Cheese Pizza Classic Crust 531g,0.6431382460512683
Richmond 8 Thin Pork Sausages 227g,Richmond 20 Thick Pork Sausages 860g,0.9032941057389723
Birds Eye Steamfresh Fragrant Golden Vegetable Rice 380g,Birds Eye Garden Peas 800g,0.8986746308114689
Hall's 14 Slices Square Sausage 1kg,Hall's Wee Willie Winkie's 50 Mini Pork Skinless Sausag,0.38905050722277823
Slimming World King Prawn Linguine 550g,Slimwell Meatball Pasta 350g,0.8027944274908823
Richmond 14 BBQ Sauce Flavour Pork Sausages 602g,Richmond 20 Thick Pork Sausages 860g,0.8684937945971692
Birds Eye Petits Pois 960g,Birds Eye Garden Peas 800g,0.9203524324163562
Birds Eye 6 Southern Fried Chicken in Breadcrumbs 540g,Birds Eye 2 Southern Fried Chicken In Breadcrumbs 180g,0.9058858414960984
Birds Eye 6 Original Chicken Chargrills 510g,Birds Eye 10 The Original Potato Waffles 567g,0.9067093156643787
Birds Eye 6 Sweet & Sticky BBQ Chicken Chargrills 522g,Birds Eye 10 Cod Fish Fingers 280g,0.7833049128207469
Birds Eye 2 Chargrills Fish Fillets with Sundried Tomato & Basil 250g,Birds Eye 10 The Original Potato Waffles 567g,0.8244422029595363
Birds Eye Petits Pois 545g,Birds Eye Garden Peas 800g,0.9142338984035723
Birds Eye 4 Battered Cod Large Fillets 440g,Birds Eye 10 Cod Fish Fingers 280g,0.9075644292393585
Birds Eye Steamfresh Classic Garden Mix 540g,Birds Eye Garden Peas 800g,0.9091485150213239
Birds Eye 18 The Original Potato Waffles 1.02kg,Birds Eye 10 The Original Potato Waffles 567g,0.8510373222966767
Birds Eye Steamfresh Green Medley 300g,Birds Eye Garden Peas 800g,0.939108321377743
Birds Eye 6 Crispy Chicken in Tempura Batter 510g,Birds Eye 2 Crispy Chicken In Tempura Batter 170g,0.9058307089041552
Chicago Town Takeaway Stuffed Crust Chicken & Bacon Large Pizza 640g,Chicago Town Fully Loaded Deep Dish 2 Four Cheese Pizza,0.6722888067774498
Birds Eye 2 Premium Steak Burgers 284g,Birds Eye 10 The Original Potato Waffles 567g,0.8689012260721607
Birds Eye Steamfresh Mediterranean Vegetable Rice 380g,Birds Eye Garden Peas 800g,0.9162922736168675
Birds Eye 4 Breaded Cod Large Fillets 440g,Birds Eye 10 Cod Fish Fingers 280g,0.9115720935779116
Chicago Town Takeaway Stuffed Crust Cheese Medium Pizza 480g,Chicago Town Fully Loaded Deep Dish 2 Four Cheese Pizza,0.6352390351727522
Chicago Town Takeaway Stuffed Crust Magnificent Meat Feast Large Pizza 640g,Chicago Town Fully Loaded Deep Dish 2 Four Cheese Pizza,0.6593263123864108
Chicago Town Takeaway Stuffed Crust Pepperoni Large Pizza 2 x 645g,Chicago Town Fully Loaded Deep Dish 2 Four Cheese Pizza,0.6865374621338615
Birds Eye 2 Chargrills Fish Fillets in Lemon & Thyme Seasoning 250g,Birds Eye 2 Crispy Chicken In Tempura Batter 170g,0.8492114839098742
Chicago Town 2 Deep Dish Vegan Cheeseburger Mini Pizzas 2 x 166g,Chicago Town Fully Loaded Deep Dish 2 Four Cheese Pizza,0.7669554970480214
Goodfella's Stonebaked Thin Meat Feast Pizza 345g,Goodfella's Stonebaked Thin Pepperoni 332g,0.8951690765399942
Hall's Mac 'N' Cheese with Ham Hock 400g,Hall's Wee Willie Winkie's 50 Mini Pork Skinless Sausag,0.4764061458503904
Birds Eye Garden Peas & Sweetcorn 640g,Birds Eye Garden Peas 800g,0.8461140890417972
Hall's Haggis Neeps & Tatties 400g,Hall's Wee Willie Winkie's 50 Mini Pork Skinless Sausag,0.4737088653725375
The Original Patty Co. Beef Jamaican Patties 6 x 150g,The Juice Company Smoothie Mix 400g,0.8070293412328896
The Original Patty Co. Lamb Jamaican Patties 6 x 150g,The Juice Company Smoothie Mix 400g,0.7954747403106524
The Original Patty Co. Chicken Jamaican Patties 6 x 150g,The Juice Company Smoothie Mix 400g,0.8097694108357061
The Butcher's Market Aberdeen Angus Beef Joint 1.0 - 1.4kg,The Fishmonger Beer Battered Fish Burgers 227g,0.6797881150293575
The No Meat Company No Chick Strips 320g,The Tasty Catch Co. Garlic And Herb Yellowfin Sole 250g,0.7690240243083472
The Butcher's Market Boneless Pork Loin Joint 2.1-2.4kg,The Fishmonger Beer Battered Fish Burgers 227g,0.6958031785255264
The Fish Market Cooked & Peeled North Atlantic Prawns 800g,The Tasty Catch Co. Salt & Pepper Breaded Prawns 200g,0.900444576590198
The Butcher's Market Chicken Breast Fillets 3kg,The Fishmonger Boneless Smoked Haddock Fillets 400g,0.7049066193496138
Goodfella's Takeaway Classic The Big Cheese 555g,Goodfella's Deep Pan Baked Deliciously Cheesy 421g,0.7416704541434601
Goodfella's Takeaway Classic Fully-Loaded Pepperoni 524g,Goodfella's Stonebaked Thin Pepperoni 332g,0.8056417029686161
Carte D'or Rich Salted Caramel Ice Cream Dessert 900 ml,Carlos Takeaway Three Cheese Pizza Classic Crust 531g,0.7097536240723318
Chiquito® Sunshine Rice 300g,Chicago Town Fully Loaded Deep Dish 2 Four Cheese Pizza,0.44955516475005347
Bernard Matthews 10 Turkey Burgers in Crispy Crumb 710g,Bernard Matthews 7 Turkey Dinosaurs 350g,0.863075851278809
Richmond 40 Thick Pork Sausages 1720g,Richmond 20 Thick Pork Sausages 860g,0.9365837637135456
Coca-Cola Original Taste 24 x 330ml,Coca-Cola Original Taste 8 X 330ml,0.830635169587675
Nestle Pure Life Still Spring Water 1.5L,Nescafé Nescafe Gold Cappuccino Instant Coffee Sachets,0.5532974850249951
Windmill Beach Shiraz 75cl,Winemaster's Lot Bourgogne Pinot Noir 75cl,0.3011702466684334
Irn-Bru 24 x 330ml,Irn-bru 6 X 330ml,0.7443697633727765
Diet Coke 1.25L,Diet Coke 2l,0.9992296729647762
Budweiser Lager Beer Bottles 12 x 300ml,Budweiser Limited Edition Beer 12 X 300ml,0.7450398278122141
Nescafé Original 200g,Nescafé Original 200g,1.0
Diet Coke 24 x 330ml,Diet Coke Can Fridge Pack 10 X 330ml,0.6345355502304318
Corona Lager Beer Bottles 10 x 330ml,Corona Lager Beer Bottles 18x330ml,0.597457078856373
Coca-Cola Zero Sugar 24 x 330ml,Coca-Cola Original Taste 8 X 330ml,0.8111678882606642
Coca-Cola Zero Sugar 1.25L,Coca-Cola Zero Sugar 10x330ml,0.9999999971174603
Viva Semi-Skimmed Long-Life Milk 1L,Vive Multipack Orange Zero 6x330ml,0.5301314121062988
Coca-Cola Original Taste 1.75L,Coca-Cola Original Taste 1.7l,0.9988429270784982
Viva Skimmed Long-Life Milk 1L,Vive Orange Zero Sugar 2l,0.5864238877576233
Nestle Pure Life Still Spring Water 12x500ml,Nescafé Nescafe Gold Cappuccino Instant Coffee Sachets,0.5451786327667872
Diet Coke 2L,Diet Coke 2l,0.9894702948618002
Carling Original Lager Beer 18 x 440ml,Carlsberg Pilsner Lager Beer Cans 18 X 440ml,0.8100295628572293
"Red Bull Energy Drink, 250ml (4 Pack)",Red Thunder Original Energy Drink 6x250ml,0.6447835264903945
Coca-Cola Original Taste 6 x 330ml,Coca-Cola Original Taste 8 X 330ml,0.8735291789580445
Nescafe 3in1 Instant Coffee 16 x 17g Sachets,Nescafé Original 200g,0.6994215536905098
Lucozade Energy Drink Orange 4x380ml,Lucozade Lucozade Energy Drink Orange 900ml,0.9838974391745381
Glen's Vodka 70cl,Glen's Vodka 50cl,0.9966509881684187
Lucozade Energy Drink Original 4x380ml,Lucozade Lucozade Energy Drink Original 900ml,0.9827537897002958
Coca-Cola Zero Sugar 2L,Coca-Cola Zero Sugar 2l,0.9976048166778858
Nescafe Gold Caramel Latte Instant Coffee 8 x 17g Sachets,Nescafe Gold Blend Instant Coffee 100g,0.7835231733701027
Coca-Cola Cherry 1.75L,Coca-Cola Original Taste 1.7l,0.9330681345898427
Diet Coke 8 x 330ml,Diet Coke Can Fridge Pack 10 X 330ml,0.7198769167818658
Nestle Pure Life Still Spring Water Sports Cap 10 x 330ml,Nescafe Gold Blend Instant Coffee 100g,0.6348411683994167
Pro Mlk Chocolate Protein Shake 330ml,Proccini Extra Dry Sparkling Wine 75cl,0.5983292248047586
Lucozade Energy Drink Original 900ml,Lucozade Lucozade Energy Drink Original 900ml,0.9979110526468283
Nestle Pure Life Sparkling Spring Water 8 x 500ml,Nescafe Gold Blend Instant Coffee 100g,0.632161340489438
Coca-Cola Zero Sugar 8 x 330ml,Coca-Cola Original Taste 8 X 330ml,0.8700434033597363
Lucozade Sport Drink Orange 4 x 500ml,Lucozade Lucozade Energy Drink Orange 900ml,0.4990557023648691
Coca-Cola Zero Sugar Cherry 2L,Coca-Cola Zero Sugar 500ml,0.9814587229939639
Stella Artois Belgium Premium Lager Beer Cans 10 x 440ml,Stella Artois Belgium Premium Lager Beer Cans 10x440ml,0.6664803772203145
Lucozade Energy Drink Orange 900ml,Lucozade Lucozade Energy Drink Orange 900ml,0.9979807170188196
Carlsberg Export Lager Beer 4 x 568ml Pint Cans,Carlsberg Pilsner Lager Beer Cans 18 X 440ml,0.7144725075652336
Nescafé Gold Blend Alta Rica 95g,Nescafe Gold Blend Instant Coffee 100g,0.8519573256318687
Pro Mlk Strawberry Protein Shake 330ml,Proccini Extra Dry Sparkling Wine 75cl,0.5893483696505968
Graham Norton Sauvignon Blanc 750ml,Grapevine Sauvignon Blanc 75cl,0.8017963872990341
Diet Coke Sublime Lime 2L,Diet Coke 500ml,0.9018912552921068
Yorkshire Tea 80 Tea Bags 250g,Yorkshire Tea 210 Teabags 375g,0.8736439527251951
PG Tips 240 Pyramid Tea Bags 696g,PG Tips 240 Pyramid Tea Bags 696g,1.0
Lucozade Zero Pink Lemonade 900ml,Lucozade Lucozade Energy Drink Original 900ml,0.6059712938433
Diet Pepsi 24 x 330ml,Diet Coke Can Fridge Pack 10 X 330ml,0.6313717397717927
Irn-Bru 2 Litre,Irn-bru 6 X 330ml,0.7981330030644156
Tetley Original 240 Tea Bags 750g,Tetley Original Tea Bags X240 750g,0.9839646194696016
Coca-Cola Cherry 330ml x 24,Coca-Cola Original Taste 8 X 330ml,0.7848259361235342
The Weather Dial Sauvignon Blanc 75cl,The Falls Canadian Riesling 750ml,0.8114389186484305
"Red Bull Energy Drink, 355ml (4 Pack)",Red Thunder Original Energy Drink 6x250ml,0.6357722460242432
Lucozade Energy Zero Pink Lemonade 4x380ml,Lucozade Lucozade Energy Drink Original 900ml,0.7816954265572942
The Straw Hat Lush & Fruity Rosé 75cl,The Juice Company Strawberry & Banana Smoothie 750ml,0.8943214779326054
Foster's Quality Lager Beer 10 x 440ml,Foster's Lager Beer Cans 18x440ml,0.45951507757020504
Nescafe 2in1 Instant Coffee 16 x 10g Sachets,Nescafé Original 200g,0.7412860647113003
Nescafe Gold Cappuccino Instant Coffee 8 x 15.5g Sachets,Nescafe Gold Blend Instant Coffee 100g,0.8381896813433541
Barratt Wham Raspbery Flavour Still Spring Water 4x 500ml,Barr American Cream Soda 6x330ml,0.6203195340093975
Coca-Cola Zero Sugar Cherry 24 x 330ml,Coca-Cola Original Taste 8 X 330ml,0.8095931281122869
Nescafe Gold Blend Instant Coffee 200g,Nescafe Gold Blend Instant Coffee 100g,0.9817582578800054
Barr Orangeade 2 Litre,Barr Cherryade 6 X 330ml,0.722627472987187
Nescafe Azera Americano Instant Coffee 90g,Nescafe Gold Blend Instant Coffee 100g,0.8655698208378135
Barr Cherryade 2 Litre,Barr Cherryade 6 X 330ml,0.722627472987187
High Commissioner Blended Scotch Whisky 70cl,Highland Black Blended Scotch Whisky 70cl,0.7708385891440279
Chardolini Bag in Box 3 Litre,Chapter & Verse Cabernet Sauvignon 75cl,0.34000369965132793
Lucozade Alert Original Energy Drink 500ml,Lucozade Lucozade Energy Drink Original 900ml,0.9415245475760866
Barr Tizer 2L Bottle,Barr Lemonade 6x330ml,0.7704587968319487
Nestle Pure Life Still Spring Water 6 x 750ml,Nescafe Gold Blend Instant Coffee 100g,0.6044731226026507
Lucozade Sport Drink Raspberry 4 x 500ml,Lucozade Lucozade Energy Drink Original 900ml,0.4582593476965793
PG Tips 80 Pyramid Tea Bags 232g,PG Tips 240 Pyramid Tea Bags 696g,0.9345467447814461
Lucozade Alert Original Energy Drink 4 x 500ml,Lucozade Lucozade Energy Drink Original 900ml,0.6029612174583564
Tetley Original Tea Bags x120 (50% Extra Free),Tetley Decaf Tea Bags X160 500g,0.6281709565278862
Lucozade Energy Drink Wild Cherry 4x380ml,Lucozade Lucozade Energy Drink Orange 900ml,0.816077008745021
PG tips Decaffeinated Biodegradable Tea Bags 140,PG Tips 240 Pyramid Tea Bags 696g,0.7953508465570781
Birra Moretti Lager Beer 660ml Bottle,Birra Mapelli Premium Lager 500ml,0.7863369676170012
Budweiser King of Beers Lager Beer 15 x 300ml,Budweiser Limited Edition Beer Bottles 20 X 300ml,0.6815482108131333
Strongbow Original Cider 4 x 568ml Cans,Strathrowan Sparkling Scottish Mountain Water 4 Pack,0.7187659778673738
Coco Cabana Coconut Water 12 x 320 ml,Coca-Cola Original Taste 8 X 330ml,0.584031984702569
Nesquik Strawberry Flavoured Milkshake Powder 300g Tub,Nescafé Original 200g,0.8884251110530089
Sunny D Tangy Florida Citrus Fusion 1L,Sun Quench Double Strength Orange & Pineapple Squash 1.,0.5628344944109888
Glendower Blended Malt Scotch Whisky 70cl,Glen Marnoch Speyside Single Malt Scotch Whisky 70cl,0.8984630051385915
Tetley Original Tea Bags 1.25kg,Tetley Original Tea Bags X240 750g,0.8651999356725333
Lucozade Energy Drink Apple Blast 4x380ml,Lucozade Lucozade Energy Drink Original 900ml,0.842411806034242
Budweiser Budvar Original 4 x 330ml,Budweiser Limited Edition Beer 4 X 440ml,0.765943777498744
Hardys VR Chardonnay 750ml,Harviestoun Brewery Schiehallion Craft Lager 500ml,0.37562190727089534
Carlsberg Pilsner Lager Beer 4 x 568ml Pint Cans,Carlsberg Pilsner Lager Beer Cans 18 X 440ml,0.7339867834887612
Nescafé Original 300g,Nescafé Original 200g,0.9946251877136921
Barr Cola 2L Bottle,Barr Lemonade 6x330ml,0.6832535387750012
Sunmagic Strawberry & Banana Smoothie 1 Litre,Sun Quench Double Strength Apple & Strawberry Squash 1.,0.8752716398431147
Stella Artois Belgium Premium Lager Beer Cans 4 x 568ml,Stella Artois Belgium Premium Lager Beer Cans 10x440ml,0.6574230463774697
Tetley Decaf Tea Bags x120,Tetley Original Tea Bags X240 750g,0.706813080578319
Barr Red Kola 2L Bottle,Barr American Cream Soda 6x330ml,0.5883308275891732
Sunmagic Mango & Passionfruit Smoothie 1 Litre,Sun Quench Double Strength Apple & Strawberry Squash 1.,0.8679993674562146
Diet Pepsi Cola Bottle 1.25L,Diet Coke 500ml,0.8441616200084959
"Red Bull Energy Drink, Sugar Free, 250ml (4 Pack)",Red Thunder Sugar Free Energy Drink 6x250ml,0.6944041417278698
Lucozade Energy Drink Orange 24 x 330ml,Lucozade Lucozade Energy Drink Orange 900ml,0.5603004579173203
Galaxy Instant Hot Chocolate 370g,Galahad Premium Lager 4x440ml,0.3790234145328667
Sandy Cove Coconut & Caribbean Rum Flavours 70cl,San Miguel Premium Lager Beer Pint Cans 4x568ml,0.521838797107424
Strongbow Original Cider 4 x 440ml Cans,Strathrowan Sparkling Scottish Mountain Water 4 Pack,0.7173615631810801
Guinness Draught Stout Beer 10 x 440ml Can,Guinness Draught Stout Beer Can 4x440ml,0.5152358628825079
Carlsberg Pilsner Lager Beer 18 x 440ml Cans,Carlsberg Pilsner Lager Beer Cans 18 X 440ml,0.8302805058156211
Budweiser Lager Beer Cans 10 x 440ml,Budweiser Limited Edition Beer Bottles 20 X 300ml,0.7297796362387071
San Miguel Premium Lager Beer 660ml Bottle,San Miguel Premium Lager Beer Bottle 660ml,0.9999999240855285
Nesquik Chocolate Flavoured Milkshake Powder 300g Tub,Nescafé Original 200g,0.8839259502629465
Nestle Pure Life Still Spring Water 6 x 1.5L,Nescafe Gold Blend Instant Coffee 100g,0.5829462691804113
San Miguel Premium Lager Beer 12 x 330ml Bottles,San Miguel Premium Lager Beer Bottle 18 X 330ml,0.8574348518449115
Barr Lemonade 2 Litre,Barr Cherryade 6 X 330ml,0.7134955209612751
Henry Westons Vintage Cider 500ml,Hendry's Scottish Lager 440ml,0.38633514873786656
Carling Original Lager Beer 4 x 440ml,Carlsberg Pilsner Lager Beer Cans 18 X 440ml,0.7139781572270588
Carthy's Country Cream 70cl,Carling Original Lager Beer 4x440ml,0.5480984573002485
The Straw Hat Soft & Juicy Red 75cl,The Juice Company Strawberry & Banana Smoothie 750ml,0.8328570708296036
"Red Bull Energy Drink, 250ml",Red Bull Energy Drink 2x250ml,0.9187378169543722
Tetley Green Tea Pure Green 50 Tea Bags 100g,Tetley Decaf Tea Bags X160 500g,0.8544207974058353
Nescafe Gold Vanilla Latte Instant Coffee 8 x 18.5g Sachets,Nescafe Gold Blend Instant Coffee 100g,0.8552628946525849
Barr Limeade 2L Bottle,Barr Lemonade 6x330ml,0.8199318450330829
San Miguel Premium Lager Beer 12 x 330ml Bottles,San Miguel Premium Lager Beer Bottle 18 X 330ml,0.8574348518449115
Barr Lemonade 2 Litre,Barr Cherryade 6 X 330ml,0.7134955209612751
Henry Westons Vintage Cider 500ml,Hendry's Scottish Lager 440ml,0.38633514873786656
Carling Original Lager Beer 4 x 440ml,Carlsberg Pilsner Lager Beer Cans 18 X 440ml,0.7139781572270588
Carthy's Country Cream 70cl,Carling Original Lager Beer 4x440ml,0.5480984573002485
The Straw Hat Soft & Juicy Red 75cl,The Juice Company Strawberry & Banana Smoothie 750ml,0.8328570708296036
"Red Bull Energy Drink, 250ml",Red Bull Energy Drink 2x250ml,0.9187378169543722
Tetley Green Tea Pure Green 50 Tea Bags 100g,Tetley Decaf Tea Bags X160 500g,0.8544207974058353
Nescafe Gold Vanilla Latte Instant Coffee 8 x 18.5g Sachets,Nescafe Gold Blend Instant Coffee 100g,0.8552628946525849
Barr Limeade 2L Bottle,Barr Lemonade 6x330ml,0.8199318450330829
Casillero del Diablo Merlot Red Wine Chile 75cl,Castellore Grillo 75cl,0.5813278593319008
Nescafe Dolce Gusto Flat White Coffee Pods x 16,Nescafe Gold Blend Instant Coffee 100g,0.6516946610318993
Old Westminster Reserve Cream 1L,Old Hopking Premium White Rum 70cl,0.8113938998011371
The Straw Hat Fresh & Fruity White 75cl,The Juice Company Strawberry & Banana Smoothie 750ml,0.8819471907450893
Barr American Cream Soda 2L Bottle,Barr American Cream Soda 6x330ml,0.9521701644427448
Coca-Cola Original Taste 500ml,Coca-Cola Original Taste 1.7l,0.9872446847265527
Heineken Lager Beer 12 x 330ml Bottles,Heineken 0.0 Alcohol Free Lager Beer Cans 6x330ml,0.557286011677594
Nesquik Banana Flavoured Milkshake Powder 300g Tub,Nescafé Original 200g,0.8850909109954934
Irn-Bru 500ml,Irn-bru 500ml,0.9698442757628659
Barr Limeade 6 x 330ml Cans,Barr Cherryade 6 X 330ml,0.7565870507747539
Lucozade Sport Orange 500ml,Lucozade Lucozade Energy Drink Orange 900ml,0.732079823967725
John Smith's Extra Smooth Ale 4 x 440ml Cans,John Smith's Extra Smooth Ale Cans 4x440ml,0.6666716267441072
Barr Lemonade 6 x 330ml,Barr Cherryade 6 X 330ml,0.7683888842834645
Diet Coke 12 x 330ml Cans,Diet Coke Can Fridge Pack 10 X 330ml,0.7287113421029459
Barr American Cream Soda 6 x 330ml,Barr Cherryade 6 X 330ml,0.7159074179829029
Coca-Cola Original Taste 10 x 330ml,Coca-Cola Original Taste 8 X 330ml,0.8667511276895506
Heineken 0.0 Lager Beer 4 x 330ml Bottles,Heineken 0.0 Alcohol Free Lager Beer Cans 6x330ml,0.5989337686108394
Irn-Bru 8 x 250ml Bottles,Irn-bru 6 X 330ml,0.8004798298102501
Guinness Draught in a Can 4 Pack - Limited Edition,Guinness Draught Stout Beer Can 4x440ml,0.27234120775358417
Budweiser Lager Beer Bottles 4 x 300ml,Budweiser Limited Edition Beer 4 X 440ml,0.743702189739244
Grace Mighty Malt Premium Original Drink 6 x 330ml,Grapevine Chardonnay 75cl,0.323395817163772
Lucozade Energy Drink Zero Tropical Can 6x330ml,Lucozade Lucozade Energy Drink Original 900ml,0.788687738238331
Barefoot Pinot Grigio White Wine 750ml,Barr American Cream Soda 6x330ml,0.557782795296877
Nescafe Dolce Gusto Cappuccino Coffee Pods x 16,Nescafe Gold Blend Instant Coffee 100g,0.6398932646035821
Lucozade Energy Original 24 X 330ml,Lucozade Lucozade Energy Drink Original 900ml,0.4907739352160443
Barr Cherryade 24 x 330ml,Barr Cherryade 6 X 330ml,0.6579774830956189
Old Speckled Hen Distinctive English Pale Ale 500ml,Old Speckled Hen Distinctive English Pale Ale 4x500ml,0.9910828551039905
Foster's Quality Lager Beer 440ml,Foster's Lager Beer Cans 18x440ml,0.9358499675755377
Strongbow Dark Fruit Cider 4 x 440ml Cans,Strathrowan Sparkling Scottish Mountain Water 4 Pack,0.721224793656648
Old Speckled Hen Distinctive English Pale Ale 4 x 500ml,Old Speckled Hen Distinctive English Pale Ale 4x500ml,0.7424858488020893
Coca-Cola Zero Sugar 12 x 330ml,Coca-Cola Original Taste 8 X 330ml,0.8550750947617003
Hardys Stamp Shiraz Cabernet 750ml,Harviestoun Brewery Schiehallion Craft Lager 500ml,0.6100385524638878
Diet Coke 500ml,Diet Coke 500ml,1.0
Costa Coffee Mocha Italia Signature Blend Ground for Cafetiere & Filter 200g,Costellore Prosecco Rosè Millesimato Extra Dry 75cl,0.5595115826074823
Marqués Del Bravo 750ml,Marston's Pedigree Amber Ale Beer Bottle 500ml,0.31110932624644355
Birra Moretti Lager Beer 4 x 330ml Bottles,Birra Mapelli Premium Lager 500ml,0.5595553207422661
Bell's Blended Scotch Whisky 70cl,Bellucci Amaretto 70cl,0.4649817575571288
Carabao Energy Drink Mixed Berry 330ml x12,Carling Original Lager Beer 4x440ml,0.6380864485696708
Carling Original Lager Beer 10 x 440ml,Carlsberg Pilsner Lager Beer Cans 18 X 440ml,0.7431980509212283
San Miguel Premium Lager Beer 4 x 440ml Cans,San Miguel Premium Lager Beer Bottle 18 X 330ml,0.8161880172210246
Hardys Nottage Hill Shiraz 750ml,Harper's Brewing Co. Plum Porter Ale 500ml,0.5575401648642293
Nescafe Gold Latte Instant Coffee 8 x 15.5g Sachets,Nescafe Gold Blend Instant Coffee 100g,0.8422328864527708
Carabao Energy Drink Green Apple 330ml x 12,Carlsberg Pilsner Lager Beer Cans 18 X 440ml,0.67334398964883
Coca-Cola Zero Sugar 500ml,Coca-Cola Zero Sugar 500ml,1.0
Nescafe Dolce Gusto Café Au Lait Coffee Pods x 16,Nescafe Gold Blend Instant Coffee 100g,0.6275730540783558
Sharp's Doom Bar Amber Ale 500ml,Sharp's Brewery Sharp's Doom Bar Amber Ale 500ml,0.9566328453122729
Estrella Damm Premium Lager Beer 660ml Bottle,Estevez Chardonnay Fresh & Crisp 2.25l,0.5195032096915555
Heineken Lager Beer 4 x 330ml Bottles,Heineken 0.0 Alcohol Free Lager Beer Cans 6x330ml,0.5711942258117235
Campo Viejo Tempranillo 75cl,Cambalala Sauvignon Blanc 75cl,0.40527604057176175
Continental Gold Instant Coffee Granules 500g,Contevedo Cava Brut 75cl,0.19124712554360257
Brothers Strawberries & Cream English Cider 500ml,Broughton Old Jock Scotch Ale 500ml,0.5219634614668475
Strongbow Original Cider 18 x 440ml Cans,Strathrowan Sparkling Scottish Mountain Water 4 Pack,0.5903515074079518
John Smith's Extra Smooth Ale 10 x 440ml Cans,John Smith's Extra Smooth Ale Cans 4x440ml,0.6671902067126196
Barefoot Merlot Red Wine 750ml,Barr American Cream Soda 6x330ml,0.49087255455128825
Hardys Stamp Cabernet Merlot 750ml,Harviestoun Brewery Schiehallion Craft Lager 500ml,0.6074093665223745
Stella Artois Belgium Premium Lager Beer 660ml,Stella Artois Belgium Premium Lager Beer Cans 10x440ml,0.9885939586247557
Casillero del Diablo Sauvignon Blanc 75cl,Castellore Pinot Grigio Sauvignon Blanc 75cl,0.6350263290627268
Tetley Peppermint Tea Bags x40,Tetley Original Tea Bags X240 750g,0.713221819068251
Hoegaarden Belgian Wheat Beer Bottle 750ml,Hoegaarden Belgian Wheat Beer Bottle 750ml,1.0
Tennent's Lager 4 x 568ml,Tennent's Lager 10 X 440ml,0.6629491231031566
Brancott Estate Sauvignon Blanc 750ml,Brasserie Premium French Lager 10x250ml,0.5253736015888387
Lucozade Zero Pink Lemonade 6x330ml,Lucozade Lucozade Energy Drink Original 900ml,0.5638671413558911
Barefoot Malbec Red Wine 750ml,Barr American Cream Soda 6x330ml,0.49057399209679226
Hardys Stamp Chardonnay Semillon 750ml,Harviestoun Brewery Schiehallion Craft Lager 500ml,0.6932985784147234
Stella Artois Belgium Premium Lager Bottles 4 x 330ml,Stella Artois Belgium Premium Lager Beer Cans 10x440ml,0.582102485873176
Nescafe Gold Cappuccino Unsweetened Instant Coffee 8 x 14.2g Sachets,Nescafe Gold Blend Instant Coffee 100g,0.850018371653675
Strongbow Dark Fruit Cider 10 x 440ml Cans,Strathrowan Sparkling Scottish Mountain Water 4 Pack,0.6686530786810819
Strongbow Dark Fruit Cider 4 x 568ml,Strathrowan Sparkling Scottish Mountain Water 4 Pack,0.7182540262359633
Old Rosie The Original Cloudy Cider 500ml,Old Speckled Hen Distinctive English Pale Ale 4x500ml,0.7823157044707018
Hardys VR Merlot 750ml,Harviestoun Brewery Schiehallion Craft Lager 500ml,0.35889172363691424
Nescafe Dolce Gusto Americano Coffee Pods x 16,Nescafe Gold Blend Instant Coffee 100g,0.6383781714890444
Casillero del Diablo Chardonnay 75cl,Castellore Grillo 75cl,0.47030203630622636
Innis & Gunn Lager Beer 4 x 440ml,Innis & Gunn Lager Beer 4x440ml,0.7583155647355451
Johnnie Walker Red Label Blended Scotch Whisky 70cl,John Smith's Extra Smooth Ale Cans 4x440ml,0.636742378749424
"Red Bull Energy Drink, Sugar Free, 250ml (8 Pack)",Red Thunder Sugar Free Energy Drink 6x250ml,0.6894121428251299
Hardys Nottage Hill Chardonnay 750ml,Harper's Brewing Co. Plum Porter Ale 500ml,0.5640218359750255
Guinness Foreign Extra Stout Beer 4 x 325ml,Guinness Draught Stout Beer Can 4x440ml,0.300581279123228
Corona Lager Beer Bottles 4 x 330ml,Corona Lager Beer Bottles 18x330ml,0.5919477165169594
Hardys VR Rosé 750ml,Harviestoun Brewery Schiehallion Craft Lager 500ml,0.3820107807982124
Hardys Stamp Shiraz Rosé 750ml,Harviestoun Brewery Schiehallion Craft Lager 500ml,0.648392022881935
Torres Viña Sol Original 75cl,Toro Loco Superior 75cl,0.7078486551927038
Hardys Crest Chardonnay Sauvignon Blanc 750ml,Harviestoun Brewery Schiehallion Craft Lager 500ml,0.5513271989459777
Old Rosie The Original Cloudy Cider 2 Litre,Old Hopking Premium White Rum 70cl,0.6846280427605249
Tennent's Lager 10 x 440ml,Tennent's Lager 10 X 440ml,0.7663163098940727
Budweiser Limited Edition Beer 4 x 440ml,Budweiser Limited Edition Beer 4 X 440ml,0.8663049598983462
Costa Coffee Mocha Italia Signature Blend Latte 182.4g,Costellore Prosecco Rosè Millesimato Extra Dry 75cl,0.5099479221005968
Carling Original Lager Beer 4 x 568ml,Carlsberg Pilsner Lager Beer Cans 18 X 440ml,0.7109679220576489
San Miguel Premium Lager Beer 4 x 330ml,San Miguel Premium Lager Beer Bottle 18 X 330ml,0.8148129981136554
Hardys VR Shiraz 750ml,Harviestoun Brewery Schiehallion Craft Lager 500ml,0.35835232834635206
Old Speckled Hen English Pale Ale 10 x 440ml,Old Speckled Hen Distinctive English Pale Ale 4x500ml,0.7160201768177313
Costa Coffee Mocha Italia Signature Blend Americano 16 x 7.6g (121.6g),Costellore Prosecco Rosè Millesimato Extra Dry 75cl,0.3896929171001983
Corona Lager Beer Cans 6 x 330ml,Corona Lager Beer Bottles 18x330ml,0.562169644464272
Heineken Lager Beer 10 x 440ml,Heineken 0.0 Alcohol Free Lager Beer Cans 6x330ml,0.5144748522291743
Old Speckled Hen Distinctive English Pale Ale 4 x 440ml,Old Speckled Hen Distinctive English Pale Ale 4x500ml,0.7429731694647407
Costa Coffee Mocha Italia Signature Blend Cappuccino 146.4g,Costellore Prosecco Rosè Millesimato Extra Dry 75cl,0.506694466143331
Budweiser Beer Cans 4 x 568ml,Budweiser Limited Edition Beer 4 X 440ml,0.7465993817737213
The Kraken Black Spiced Rum 70cl,The Infusionist Salted Caramel Espresso Martini Flavour,0.8129424845644463
Greenall's Wild Berry Pink Gin 70cl,Greyson's Pink Gin 70cl,0.917661623786458
Nescafe Dolce Gusto Latte Macchiato Coffee Pods x 16,Nescafe Gold Blend Instant Coffee 100g,0.6492083273505262
"Red Bull Energy Drink, Sugar Free 250ml",Red Thunder Sugar Free Energy Drink 6x250ml,0.9354543973755222
The Ned Sauvignon Blanc 750ml,The Falls Canadian Riesling 750ml,0.7520574128245952
Strongbow Original Cider 10 x 440ml Cans,Strathrowan Sparkling Scottish Mountain Water 4 Pack,0.656275860864772
Gallo Family Vineyards White Zinfandel Rosé Wine 750ml,Galahad Lager 440ml,0.539804269565616
Carling Original Lager 4 x 500ml,Carlsberg Pilsner Lager Beer Cans 18 X 440ml,0.6469992211055233
Costa Coffee Smooth Medium Roast 100g,Costellore Prosecco Rosè Millesimato Extra Dry 75cl,0.5299546319546629
Barr American Cream Soda 24 x 330ml,Barr Cherryade 6 X 330ml,0.6159448612522963
Carlsberg Export Lager Beer 10 x 440ml Cans,Carlsberg Pilsner Lager Beer Cans 18 X 440ml,0.739736646784059
Stella Artois Belgium Premium Lager Beer Cans 4 x 440ml,Stella Artois Belgium Premium Lager Beer Cans 10x440ml,0.6627680873309653
Gallo Family Vineyards White Grenache Rosé Wine 750ml,Galahad Lager 440ml,0.5447452608560487
Costa Coffee Mocha Italia Signature Blend Coffee Beans 200g,Costellore Prosecco Rosè Millesimato Extra Dry 75cl,0.5185230265162821
The Famous Grouse Finest Blended Scotch Whisky 1 Litre,The Infusionist Blood Orange Negroni Flavour Cocktail 5,0.7995847783196014
Casillero del Diablo Pinot Grigio White Wine Chile 75cl,Castellore Pinot Grigio 75cl,0.6765564582417762
Bud Light Beer 4 x 440ml,Budweiser Limited Edition Beer 4 X 440ml,0.7567490780070167
Nescafé Original Decaf 300g,Nescafé Original 200g,0.9877778596821039
Greenall's The Original London Dry Gin 70cl,Greyson's London Dry Gin 1l,0.8893597093148287
Glenmorangie Highland Single Malt Scotch Whisky The Original,Glen Marnoch Highland Single Malt Whisky 70cl,0.8369554840474702
Carlsberg Danish Pilsner 10 x 440ml,Carlsberg Pilsner Lager Beer Cans 18 X 440ml,0.6571382449369324
Foster's Quality Lager Beer 18 x 440ml,Foster's Lager Beer Cans 18x440ml,0.497679459394383
Foster's Lager Beer 4 x 568ml Pint Cans,Foster's Lager Beer Cans 18x440ml,0.4991268042785262
High Commissioner Blended Scotch Whisky 1 Litre,Highland Earl Blended Scotch Whisky Special Reserve 70c,0.6062405096079256
Grolsch Premium Pilsner Beer 12 x 330ml,Grove Manor Winter Berries Flavour 75cl,0.26201085490401316
Old Mout Cider Strawberry & Apple 500ml Bottle,Old Hopking Premium White Rum 70cl,0.6973514741982408
Birra Moretti Lager Beer 12 x 330ml Bottles,Birra Mapelli Premium Lager 500ml,0.5337116213938563
Budweiser Lager Beer Bottle 660ml,Budweiser Limited Edition Beer Bottles 20 X 300ml,0.5024356121287805
BrewDog Planet First Lager 660ml,Brewdog Punk IPA Post Modern Classic 440ml,0.5819448863571886
Harveys Special Edition Bristol Cream Sherry 1L,Harviestoun Brewery Schiehallion Craft Lager 500ml,0.6275689973201105
Antica Sambuca Classic 70cl,Anti Establishment Hazy IPA 440ml,0.45795261588813907
Estrella Damm Lager Bottle 4 x 330ml,Estevez Chardonnay Fresh & Crisp 2.25l,0.3430764528638532
Stella Artois Belgium Premium Lager Bottles 12 x 330ml,Stella Artois Belgium Premium Lager Beer Cans 10x440ml,0.5890797524666903
Corona Lager Beer Bottle 620ml,Corona Lager Beer Bottles 18x330ml,0.9903228702368004
Martell Cognac 70cl,Marston's Pedigree Amber Ale Beer Bottle 500ml,0.629540222831177
Cono Sur Bicicleta Pinot Noir Red Wine Chile 75cl,Contevedo Cava Brut 75cl,0.6223817044010849
Belvedere Pure Vodka 70cl,Bellucci Amaretto 70cl,0.5490950318661174
Grey Goose Premium Vodka 70cl,Greyson's Premium Dry Gin & Tonic 250ml,0.6528380649772972
Heineken Lager Beer 4 x 568ml Cans,Heineken 0.0 Alcohol Free Lager Beer Cans 6x330ml,0.5395010142116041
Glenfiddich 12 Year Old Single Malt Scotch Whisky 70cl,Glen Marnoch Highland Single Malt Whisky 70cl,0.7083646294676795
Budweiser Budvar Original Czech Lager 12 x 330ml,Budweiser Limited Edition Beer 12 X 300ml,0.7572769191372333
Freixenet Prosecco 75cl,Freemans Bay Marlborough Sauvignon Blanc 75cl,0.381647798223442
Barefoot Sauvignon Blanc White Wine 750ml,Barr American Cream Soda 6x330ml,0.5598145842894504
Gallo Family Vineyards Merlot Red Wine 750ml,Galahad Premium Lager 4x440ml,0.5489096759245122
Budweiser Budvar Original Czech Lager 5L,Budweiser Limited Edition Beer Bottles 20 X 300ml,0.47046277045111823
Hendrick's Gin 70cl,Hendry's Scottish Lager 440ml,0.8460028690533534
Barefoot Shiraz Red Wine 750ml,Barr American Cream Soda 6x330ml,0.5009430860263502
Estrella Damm Can 6 x 330ml,Estevez Chardonnay Fresh & Crisp 2.25l,0.248699650382146
Barefoot Chardonnay White Wine 750ml,Barr American Cream Soda 6x330ml,0.6160197471986038
Barratt Fruit Salad Still Spring Water 4x 500ml,Barr American Cream Soda 6x330ml,0.6492775370960668
Budweiser Budvar Original Czech Lager 500ml,Budweiser Limited Edition Beer Bottles 20 X 300ml,0.5088366194806384
Carling Premier Lager 4 x 440ml,Carlsberg Pilsner Lager Beer Cans 18 X 440ml,0.6273401989383608
Leffe Blonde Abbey Beer Bottles 4 x 330ml,Leffe Blonde Abbey Beer Bottle 750ml,0.6173165470496863
Red Stripe Lager Beer 4 x 568ml Cans,Red Thunder Original Energy Drink 6x250ml,0.5676613808981278
Belhaven Brewery 80 Shilling 500ml,Bellucci Superiore Superiore Luxury Amaretto 50cl,0.22504909374309168
Barr Bubblegum 2L Bottle,Barr Lemonade 6x330ml,0.7831261936721969
Belle & Co. Alcohol Free Sparkling 75cl,Bellucci Superiore Superiore Luxury Amaretto 50cl,0.4135893080058346
Martini Extra Dry Vermouth 750ml,Marston's Pedigree Amber Ale Beer Bottle 500ml,0.579889213139834
Bellino Bianco Aperitif 70cl,Bellucci Amaretto 70cl,0.8568901129734555
Old Mout Cider Berries & Cherries 500ml Bottle,Old Hopking Premium White Rum 70cl,0.7073843592454178
BrewDog Punk Post Modern Classic IPA 4 x 330ml,Brewdog Ald IPA 4 X 330ml,0.7700748688965265
San Miguel Premium Lager Beer 4 x 568ml Pint Cans,San Miguel Premium Lager Beer Bottle 18 X 330ml,0.8111302544233326
Stella Artois Unfiltered Premium Lager Beer 660ml,Stella Artois Premium Lager Beer Cans 18x440ml,0.9704403586017409
Freixenet Cordon Negro Brut 750ml,Freemans Bay Marlborough Sauvignon Blanc 75cl,0.42643890691576186
The Glenlivet Founder's Reserve Single Malt Scotch Whisky 70cl,The Falls Canadian Riesling 750ml,0.76210697464474
Hoegaarden Wheat Beer Bottles 4 x 330ml,Hoegaarden Belgian Wheat Beer Bottle 750ml,0.5630128928234647
BrewDog Elvis Juice Grapefruit Infused IPA 4 x 330ml,Brewdog Ald IPA 4 X 330ml,0.7656491096033121
Costa Coffee Mocha Italia Signature Blend Skinny Latte 161.6g,Costellore Prosecco Rosè Millesimato Extra Dry 75cl,0.5365911420920938
Heineken Lager Beer 4 x 440ml Cans,Heineken 0.0 Alcohol Free Lager Beer Cans 6x330ml,0.5482994802545422
The Famous Grouse Finest Blended Scotch Whisky 70cl,The Infusionist Sticky Toffee Pudding Flavour Gin Lique,0.8054689572558831
Greenall's The Original London Dry Gin 1L,Greyson's London Dry Gin 1l,0.8871015280957217
Carlsberg Export Lager Beer 4 x 568ml Pint Cans,Carlsberg Pilsner Lager Beer Cans 18 X 440ml,0.7144725075652336
